Hans1;Peters1;05.01.2008 08:30
Hans2;Peters2;06.01.2008 08:30
Hans3;Peters3;07.01.2008 08:30
Hans4;Peters4;08.01.2008 08:30
Hans5;Peters5;09.01.2008 08:30
Hans6;Peters6;10.01.2008 08:30
Hans7;Peters7;11.01.2008 08:30
Hans8;Peters8;12.01.2008 08:30
Hans9;Peters9;13.01.2008 08:30
Hans10;Peters10;14.01.2008 08:30
Hans11;Peters11;15.01.2008 08:30
Hans12;Peters12;16.01.2008 08:30
Hans13;Peters13;17.01.2008 08:30
Hans14;Peters14;18.01.2008 08:30
Hans15;Peters15;19.01.2008 08:30
Hans16;Peters16;20.01.2008 08:30
Hans17;Peters17;21.01.2008 08:30
Hans18;Peters18;22.01.2008 08:30
Hans19;Peters19;23.01.2008 08:30
Hans20;Peters20;24.01.2008 08:30
Hans21;Peters21;25.01.2008 08:30
Hans22;Peters22;26.01.2008 08:30
Hans23;Peters23;27.01.2008 08:30
Hans24;Peters24;28.01.2008 08:30
Hans25;Peters25;29.01.2008 08:30
Hans26;Peters26;30.01.2008 08:30
Hans27;Peters27;31.01.2008 08:30
